Latitude,Longitude,City,Country,Max Temperature (F),Humidity,Cloudiness,Wind Speed (mph),Date
-14.936039153536683,13.322562062594642,lubango,ao,69.8,56.0,0.0,3.44,1610528669
39.65840881958846,-48.245995198924476,torbay,ca,28.99,93.0,75.0,8.05,1610528850
-89.97941253287792,37.550463720794,port elizabeth,za,71.6,83.0,90.0,13.8,1610528788
-35.58013692626884,165.1689056293202,ahipara,nz,65.88,84.0,10.0,6.15,1610528850
-63.58393965291965,-38.583739801093515,ushuaia,ar,41.0,75.0,0.0,8.05,1610528649
-56.47316195201924,104.6293176922556,busselton,au,81.0,36.0,0.0,1.01,1610528771
-27.799069132251404,52.22822367075352,taolanaro,mg,,,,,
-18.581854638479413,-38.201757172064475,caravelas,br,74.07,90.0,33.0,2.62,1610528851
6.987012120604248,68.02381736289053,kulhudhuffushi,mv,76.6,91.0,100.0,10.6,1610528851
-14.544987407406936,-34.559420740423576,conde,br,75.2,100.0,40.0,6.58,1610528851
33.33951007141671,-130.99926447067605,half moon bay,us,53.6,93.0,90.0,0.94,1610528852
-53.198595048326865,-17.768423278031605,arraial do cabo,br,75.2,88.0,0.0,12.66,1610528852
68.06113855037017,-59.60901862898186,upernavik,gl,12.36,96.0,100.0,18.1,1610528673
-85.0702332243733,-101.53118517797955,punta arenas,cl,44.6,81.0,90.0,3.44,1610528852
30.684151832112406,153.27892858911838,hasaki,jp,48.2,70.0,20.0,3.44,1610528853
-14.88513557391714,68.27018366864078,quatre cocos,mu,82.99,74.0,75.0,16.11,1610528853
10.564169120235292,35.5755206244319,mendi,et,84.76,21.0,16.0,3.02,1610528853
-54.341731964721816,15.10958223771894,hermanus,za,73.99,80.0,99.0,8.01,1610528853
54.13402236159661,72.19190614302093,poltavka,ru,-16.74,86.0,0.0,7.56,1610528629
84.28708362949155,155.00153492994423,chokurdakh,ru,-38.33,83.0,52.0,1.81,1610528854
-33.58364793133629,130.5420100218799,flinders,au,73.99,79.0,10.0,8.99,1610528854
34.61807082047653,-119.72093129765233,santa barbara,us,50.0,87.0,1.0,6.17,1610528854
67.7500474132869,-85.26995138740529,attawapiskat,ca,,,,,
71.02919943069253,-154.22029940095035,barrow,us,-0.4,78.0,1.0,24.16,1610528854
-74.69204195343997,172.3222098570049,bluff,nz,55.99,86.0,98.0,1.01,1610528716
68.06565061729435,-147.73294838611366,college,us,7.0,71.0,75.0,2.26,1610528704
-14.200627499090615,1.0167780666256192,jamestown,sh,67.37,84.0,83.0,16.4,1610528715
82.42011542709034,-142.21667940122592,tuktoyaktuk,ca,-15.63,90.0,99.0,9.78,1610528855
5.96975129514307,-40.005575029899234,acarau,br,78.58,81.0,100.0,7.81,1610528856
34.537880511085206,13.675579250285125,dingli,mt,55.99,82.0,75.0,10.36,1610528856
-33.20718641890867,-57.88649344136401,mercedes,uy,61.0,81.0,23.0,6.58,1610528659
33.570166982685066,20.12407600556719,tukrah,ly,59.56,60.0,35.0,21.45,1610528856
60.23262094152713,13.236595899287067,arvika,se,26.6,100.0,90.0,11.5,1610528856
45.025976690094154,70.65722991639706,zhanatas,kz,,,,,
87.99499600316904,64.25368343925265,amderma,ru,,,,,
44.66981778837109,67.42913377478035,zhanakorgan,kz,30.34,91.0,46.0,6.38,1610528857
-39.52008142840707,22.136853167774717,bredasdorp,za,71.6,83.0,90.0,17.27,1610528857
52.07027912126793,-51.09123095534309,bonavista,ca,28.0,93.0,100.0,1.14,1610528650
-71.41931881602443,40.720440732124416,port alfred,za,69.01,96.0,100.0,1.01,1610528649
-9.379165288337077,156.8650559789519,gizo,sb,84.42,72.0,100.0,9.51,1610528858
73.54719055675719,34.87986898055033,skalistyy,ru,,,,,
-37.14945329273769,172.65246276939308,dargaville,nz,62.96,90.0,3.0,4.38,1610528858
-86.51394758334652,-166.46260368614395,mataura,pf,,,,,
32.19039592918037,95.30159004017497,along,in,72.72,40.0,34.0,2.51,1610528859
-51.906939119989374,6.581368917652469,cape town,za,84.2,51.0,20.0,9.22,1610528571
-42.20160131299928,-178.08604813400282,vaini,to,77.0,100.0,40.0,2.3,1610528715
-1.5168313295391016,-80.20796227826455,colimes,ec,77.0,78.0,40.0,8.05,1610528860
13.341168988562359,96.46663618127218,dawei,mm,81.88,38.0,31.0,5.64,1610528694
16.07499664259116,17.659239786187072,faya,td,,,,,
35.956504803767615,108.35804008740814,tongchuan,cn,45.59,46.0,0.0,2.3,1610528654
-71.57980281099135,53.8498997562524,east london,za,73.4,94.0,90.0,8.05,1610528717
-15.469922192477696,155.32092539744787,samarai,pg,85.23,78.0,100.0,5.57,1610528861
34.99202839099412,-153.096679794686,kapaa,us,73.4,83.0,1.0,6.91,1610528753
-15.447731485157519,-80.34967346378882,pisco,pe,68.0,77.0,100.0,8.05,1610528861
-81.00837738970431,150.92550153222209,hobart,au,71.6,64.0,75.0,9.22,1610528693
6.461353064792078,95.40185338733147,sabang,id,81.61,77.0,61.0,20.94,1610528662
29.48303613956199,35.90652400995552,wadi musa,jo,62.64,29.0,100.0,12.46,1610528862
2.6800401704955448,119.86853178134533,ligayan,ph,82.49,75.0,100.0,7.74,1610528862
80.02705607834639,142.57565696700073,nizhneyansk,ru,,,,,
15.579907290358719,170.17932702701694,butaritari,ki,80.31,82.0,100.0,17.76,1610528863
72.61234475181902,179.4673825523301,leningradskiy,ru,-15.88,86.0,100.0,14.07,1610528863
-65.25455325367724,-129.72623987372276,rikitea,pf,77.76,79.0,0.0,16.93,1610528863
55.330431967714276,-153.5520044303556,kodiak,us,26.6,100.0,1.0,6.91,1610528863
-18.41816934260396,-174.69223527601912,neiafu,to,81.55,81.0,87.0,14.83,1610528863
-27.402145245808818,123.02525742690585,esperance,au,66.2,48.0,7.0,19.57,1610528864
45.146178564508006,66.66227888677187,shieli,kz,31.01,85.0,41.0,6.51,1610528633
40.67963736308127,-4.479419706149486,avila,es,14.0,85.0,0.0,1.45,1610528864
68.99509641704577,-55.18984271091186,kangaatsiaq,gl,17.92,97.0,99.0,5.48,1610528673
22.260997270009597,-52.68679665587818,codrington,ag,,,,,
45.16963812492068,-88.6180023550126,suamico,us,27.0,86.0,1.0,8.05,1610528800
-27.198298443988342,147.96647053150554,roma,au,84.2,31.0,0.0,9.31,1610528865
-41.412979482295306,81.23131637815283,mahebourg,mu,82.4,74.0,75.0,16.11,1610528701
71.25951927529204,-170.66671459766286,lavrentiya,ru,-2.94,87.0,100.0,7.76,1610528627
-12.943585823166913,-13.852348831038768,georgetown,sh,77.0,73.0,20.0,14.97,1610528866
83.67120848670939,-78.7315418867479,qaanaaq,gl,4.03,90.0,100.0,3.6,1610528706
21.905229637641924,138.485481951346,naze,jp,57.2,58.0,75.0,3.44,1610528866
80.90806656727281,-61.295371472066066,narsaq,gl,32.0,86.0,90.0,1.59,1610528866
-9.0158159736107,106.761091513216,banjar,id,84.2,79.0,40.0,13.8,1610528866
14.11013058968372,-63.13020400692122,chateaubelair,vc,78.8,73.0,40.0,13.8,1610528867
-16.535375502969387,-69.16232022564718,desaguadero,pe,46.31,79.0,100.0,5.68,1610528867
72.60831370120567,171.6898183005061,pevek,ru,-16.44,89.0,100.0,7.43,1610528867
13.262307601011457,8.479909698081428,matameye,ne,,,,,
-31.203917681022695,6.491722173987142,luderitz,na,73.38,62.0,19.0,8.9,1610528868
4.8704584063696785,-45.810431244905175,salinopolis,br,78.93,83.0,93.0,10.02,1610528868
69.46957787593942,75.72764819505937,novyy urengoy,ru,7.95,94.0,100.0,20.47,1610528868
73.53632716556385,37.87664224435662,tumannyy,ru,,,,,
-87.15217628761987,98.60984998432866,albany,au,64.4,48.0,40.0,17.27,1610528672
34.361445153046304,-147.96064050394392,kahului,us,73.4,78.0,40.0,9.22,1610528869
89.51811308126648,-113.433987499773,yellowknife,ca,10.4,92.0,75.0,11.5,1610528654
-65.31556506680201,-29.843129481531122,mar del plata,ar,62.01,87.0,0.0,9.22,1610528869
77.86718334668944,108.23747692652626,khatanga,ru,-22.56,86.0,100.0,8.14,1610528626
35.42726906818203,155.9528417472054,sentyabrskiy,ru,,,,,
45.98334946844395,129.6240375154378,yilan,cn,5.61,91.0,91.0,15.7,1610528870
45.69771392302434,164.6621734776008,petropavlovsk-kamchatskiy,ru,3.2,66.0,0.0,11.18,1610528870
-45.68200783145174,-74.2095052306041,coihaique,cl,39.2,100.0,0.0,3.44,1610528870
64.80503076291984,-51.83406502877284,nuuk,gl,24.8,100.0,90.0,9.22,1610528663
9.507956163437854,-8.297667904759948,odienne,ci,77.77,18.0,0.0,4.76,1610528871
15.436668862491814,-139.95155787572338,hilo,us,69.8,78.0,1.0,6.91,1610528660
84.52723469754142,92.90219692791908,talnakh,ru,-9.4,89.0,98.0,8.77,1610528871
10.985439466027785,126.7004776634264,sulangan,ph,79.56,84.0,100.0,20.0,1610528872
-86.64348791287026,123.92994944499418,new norfolk,au,69.01,61.0,65.0,3.0,1610528872
54.11388108251094,140.58245966835221,mnogovershinnyy,ru,-16.08,87.0,100.0,2.95,1610528872
-48.06463070861632,-42.53673716792599,rocha,uy,52.5,75.0,0.0,0.87,1610528872
55.27893521138026,-20.230128588053333,vestmannaeyjar,is,41.0,93.0,90.0,41.43,1610528872
-20.185084068449086,-143.43066865938016,tautira,pf,78.8,73.0,40.0,3.44,1610528873
65.43753382069715,-98.70950792475536,thompson,ca,28.4,100.0,90.0,2.3,1610528649
44.48189569269323,169.67536893835597,nikolskoye,ru,8.6,78.0,90.0,13.42,1610528873
10.1232421182754,-77.53537117125525,ailigandi,pa,78.37,85.0,100.0,7.36,1610528873
-49.37231905058616,47.51818216672936,tsihombe,mg,,,,,
38.33801646888179,-104.17385576923112,pueblo,us,42.01,74.0,1.0,9.57,1610528746
10.749056769745636,-55.75827067917078,oistins,bb,77.0,78.0,40.0,13.8,1610528874
12.25808314558958,-120.48534342711366,cabo san lucas,mx,57.99,56.0,99.0,1.01,1610528875
-53.40721776102171,-109.00931527199906,castro,cl,46.0,87.0,0.0,4.61,1610528875
-44.58136597734178,68.76984296041351,souillac,mu,82.4,74.0,75.0,16.11,1610528875
43.88865373351672,26.56903289952706,kubrat,bg,35.65,96.0,100.0,10.92,1610528875
14.644606909186393,-91.93173634108508,genova,gt,64.0,95.0,0.0,1.01,1610528875
84.60359803589623,46.65886441880872,belushya guba,ru,,,,,
62.42918426820634,-167.60474448944558,nome,us,10.4,85.0,100.0,4.61,1610528649
-1.1214514316286142,130.76153341698586,sorong,id,83.57,77.0,100.0,10.56,1610528876
59.21656191903216,-176.44572887078934,provideniya,ru,-5.46,84.0,100.0,8.55,1610528683
-2.4578800313342697,-176.33791574576077,vaitupu,wf,,,,,
19.139303097599466,-3.5296875920765842,araouane,ml,66.85,24.0,0.0,11.16,1610528877
12.393258675566642,-163.62642755869413,makakilo city,us,78.8,69.0,90.0,8.05,1610528773
-32.87476632201106,-79.80187289511528,talcahuano,cl,50.0,93.0,41.0,6.91,1610528878
14.354139464243445,-73.91086503807448,manaure,co,75.94,80.0,78.0,16.75,1610528878
-21.574588927760928,-82.92430758274148,marcona,pe,,,,,
9.170679441221424,32.59674800768414,malakal,sd,,,,,
30.46192082157323,72.90829222610432,kamir,pk,74.89,16.0,0.0,3.56,1610528878
-42.31447962069431,-1.39537755005,saldanha,za,75.2,57.0,0.0,5.75,1610528879
-23.384844375460872,-52.778035079413414,cianorte,br,73.4,88.0,0.0,4.61,1610528879
23.34915126388161,-76.66417938401689,rock sound,bs,75.6,76.0,13.0,7.94,1610528879
45.4959996729865,157.34893852762713,severo-kurilsk,ru,17.76,87.0,79.0,9.01,1610528879
-43.14328225586263,157.6902755362869,te anau,nz,56.77,83.0,50.0,3.98,1610528879
54.855821473802166,-113.26301112679117,athabasca,ca,15.8,92.0,100.0,2.3,1610528880
-55.18182912780101,155.93607461636117,tuatapere,nz,55.99,86.0,98.0,1.01,1610528660
4.440655642272063,-77.92397510268438,litoral del san juan,co,,,,,
42.31187339196052,-20.843600174364298,vila franca do campo,pt,59.0,100.0,75.0,6.91,1610528880
48.99204531778443,-113.28564746243362,cardston,ca,46.4,57.0,100.0,19.57,1610528881
73.40685345063432,161.05533046342532,cherskiy,ru,-21.8,84.0,91.0,4.74,1610528881
77.7549724554307,-2.223123303209178,klaksvik,fo,33.8,75.0,75.0,4.61,1610528881
21.020104260298368,-5.6463217083411905,taoudenni,ml,63.55,26.0,98.0,19.51,1610528881
10.197573875128157,47.63875487993877,bosaso,so,78.13,42.0,0.0,17.29,1610528881
25.48191761034076,-23.817662225018665,los llanos de aridane,es,59.0,63.0,20.0,10.36,1610528882
-19.798611454575678,-158.6313988779753,avarua,ck,80.6,83.0,75.0,14.97,1610528882
-2.5216799225562454,-2.6198635802280137,axim,gh,81.97,79.0,36.0,9.44,1610528882
18.775886925595188,-12.551780333492104,atar,mr,59.74,34.0,48.0,13.38,1610528882
8.918625871541266,110.42885187895087,phan rang,vn,,,,,
75.37201841404911,-39.08506932566331,tasiilaq,gl,32.0,80.0,90.0,41.43,1610528618
-18.922389673760122,-93.5380054003042,hualmay,pe,69.85,88.0,100.0,7.7,1610528883
-58.687979997516415,176.35804320136157,kaitangata,nz,57.67,95.0,7.0,5.14,1610528883
1.0191898218414082,-96.844118658612,puerto ayora,ec,73.99,95.0,24.0,1.99,1610528883
58.88078481073185,156.6551215952599,tigil,ru,-1.53,88.0,58.0,8.61,1610528884
-30.228556613969346,161.1950637965785,byron bay,au,75.2,73.0,90.0,6.91,1610528884
55.70832458278477,-23.524274134197526,grindavik,is,41.0,87.0,90.0,44.87,1610528884
14.762552390474411,-123.10853941302744,constitucion,mx,35.33,79.0,99.0,0.87,1610528884
72.97061736755686,-174.4402925006061,mys shmidta,ru,,,,,
-7.221552152974752,62.8195838984127,victoria,sc,84.2,74.0,75.0,9.22,1610528885
8.342426883667187,18.528780892599542,moissala,td,89.8,12.0,0.0,4.36,1610528885
53.74864640736709,-64.20666758300004,havre-saint-pierre,ca,12.2,85.0,90.0,4.61,1610528885
-1.7543659284130086,-127.51724476268026,atuona,pf,77.32,82.0,85.0,14.41,1610528660
17.8398553762581,-91.8429700457219,emiliano zapata,mx,51.8,62.0,75.0,1.25,1610528885
16.826653475394693,-109.46449926036283,tomatlan,mx,61.61,52.0,3.0,2.84,1610528886
-11.938257181897512,-148.3420738425828,fare,pf,81.37,77.0,100.0,20.38,1610528886
55.32489519927145,133.1914248977787,chumikan,ru,-16.06,86.0,82.0,0.65,1610528686
70.71996753452723,66.13572089578963,sovetskiy,ru,-7.04,88.0,0.0,3.4,1610528886
51.82726208859077,20.61656282696896,grojec,pl,32.0,10.0,55.0,13.38,1610528887
20.165611868088106,146.55925987933347,katsuura,jp,50.0,37.0,20.0,2.3,1610528748
-14.3651375997962,-58.15750171742998,nova olimpia,br,74.28,82.0,100.0,0.85,1610528887
75.34832003595466,108.30936784681194,saskylakh,ru,-33.9,81.0,93.0,11.54,1610528681
85.81664682559074,132.65572186899794,tiksi,ru,-35.14,80.0,37.0,4.0,1610528887
-22.215543345760594,61.07277595519193,bambous virieux,mu,82.99,74.0,75.0,16.11,1610528888
18.848898175329552,143.09938162901528,airai,pw,,,,,
59.19224543652473,-16.621217823595572,hofn,is,35.6,80.0,90.0,4.61,1610528888
13.44807084745841,20.817109337367754,abeche,td,82.4,13.0,0.0,16.11,1610528647
23.053715695323078,2.2072063781645,tessalit,ml,75.38,17.0,67.0,10.38,1610528888
15.630001318094926,65.84647234675495,veraval,in,84.07,32.0,81.0,8.55,1610528692
45.00391746647878,7.3129089107939365,giaveno,it,46.0,86.0,0.0,3.44,1610528889
64.49649055722762,118.24853331076969,nyurba,ru,-26.79,84.0,100.0,4.94,1610528627
45.91479392418242,2.0805792443519238,gueret,fr,46.0,100.0,90.0,9.22,1610528889
35.65030472051454,116.9490824586835,qufu,cn,43.21,57.0,0.0,4.59,1610528890
65.60629740982796,-78.53576826843255,iqaluit,ca,-4.0,71.0,90.0,19.57,1610528709
-8.842691445597154,87.09822916418761,padang,id,81.54,72.0,79.0,4.88,1610528890
-16.0539570140066,29.244723224821797,kariba,zw,74.75,86.0,92.0,9.26,1610528890
-17.733674975482685,163.89441127374727,poum,nc,83.44,80.0,87.0,14.92,1610528890
-12.555491252172416,42.888539311166596,fomboni,km,82.92,76.0,6.0,11.97,1610528891
-13.1938183173541,59.827712480458274,cap malheureux,mu,82.99,74.0,47.0,10.0,1610528891
68.39969194141773,45.04358458997626,kamenka,ru,19.99,92.0,100.0,20.24,1610528891
-41.362512834643596,-46.41697979417191,chuy,uy,58.35,71.0,0.0,3.24,1610528891
-44.57399372917385,61.9719874764655,saint-philippe,re,87.8,66.0,75.0,10.36,1610528891
4.988636335574398,142.46247907033347,vanimo,pg,82.13,76.0,67.0,4.61,1610528892
54.388995120827644,161.94469999683145,ust-kamchatsk,ru,,,,,
41.96565455175201,82.82972078649368,kuche,cn,,,,,
3.4220929435300462,-33.73616603220657,caucaia,br,80.6,78.0,75.0,6.91,1610528893
48.759103890339844,87.74971068643907,altay,cn,16.39,93.0,100.0,5.17,1610528806
12.3944383268488,-76.32472346108945,puerto colombia,co,77.0,88.0,0.0,9.22,1610528893
-6.172221853443446,-66.80979993933137,carauari,br,72.3,97.0,96.0,1.68,1610528893
-28.315996568409282,38.12269003842886,inhambane,mz,80.6,89.0,75.0,8.03,1610528894
-21.973647720942026,136.317951473692,alice springs,au,100.4,17.0,40.0,16.11,1610528599
56.13456558969716,-179.62814424321553,egvekinot,ru,-14.33,87.0,100.0,11.83,1610528627
67.49309609206165,-8.60791751924225,vestmanna,fo,33.8,75.0,75.0,4.61,1610528894
33.91438542946979,56.53451844890256,tabas,ir,60.35,23.0,0.0,1.79,1610528690
12.508994294167621,123.59635701102809,bagahanglad,ph,,,,,
-5.96159590260487,128.21732567545388,ambon,id,80.6,89.0,40.0,4.61,1610528682
-27.869030792061302,-48.82842725146995,santo amaro da imperatriz,br,82.0,88.0,40.0,10.36,1610528895
74.93499962430315,173.30776767148052,komsomolskiy,ru,49.5,78.0,93.0,28.3,1610528895
73.73439449128028,39.42069327845877,ostrovnoy,ru,3.56,92.0,57.0,18.54,1610528626
-0.0748492778005101,-166.68897539063119,saleaula,ws,,,,,
41.14542023542731,-67.81899115414632,nantucket,us,35.6,69.0,90.0,6.91,1610528896
63.300937488546055,54.29925240325096,sosnogorsk,ru,-10.7,89.0,24.0,1.66,1610528896
-15.147230711845083,124.57965572512893,broome,au,91.4,75.0,40.0,11.5,1610528661
-71.64589330335646,28.142610627073736,kruisfontein,za,73.0,84.0,100.0,5.01,1610528897
2.8542630543353624,-36.46240429355697,itarema,br,78.48,81.0,100.0,7.49,1610528897
-4.114622331039172,167.9804973511711,lata,sb,,,,,
21.92512171327479,142.23125111351345,shimoda,jp,37.0,86.0,16.0,10.25,1610528898
7.921821386508867,-68.03529556145706,calabozo,ve,71.71,74.0,93.0,7.11,1610528898
27.744722454733974,17.45607227979744,waddan,ly,55.4,41.0,92.0,17.34,1610528898
45.27500708434388,-94.87092552258406,willmar,us,32.0,86.0,1.0,5.93,1610528898
3.4833283858859403,3.0535248346617436,cotonou,bj,82.4,89.0,40.0,10.36,1610528899
51.35328507989141,105.07099521048178,tankhoy,ru,7.66,88.0,100.0,4.38,1610528899
67.12602775201998,144.2671974258239,khonuu,ru,,,,,
62.04772936837253,-7.294475862304182,sorvag,fo,,,,,
65.98948934997233,19.236134249375652,kiruna,se,-5.8,84.0,90.0,2.3,1610528900
58.75325957328144,-107.11330715716718,la ronge,ca,19.4,93.0,100.0,2.3,1610528900
63.74077989057696,127.52567024989776,sangar,ru,-43.47,78.0,100.0,5.57,1610528627
27.234779821378396,142.17822725505272,tateyama,jp,52.0,51.0,2.0,2.57,1610528639
36.63305786747753,-61.50743935405208,saint george,bm,69.8,78.0,90.0,25.32,1610528901
19.843346276393333,10.08050278954542,arlit,ne,76.53,17.0,95.0,3.56,1610528901
53.93074711248505,54.14332769428313,novomikhaylovskiy,ru,59.31,66.0,99.0,24.45,1610528901
48.64297221989639,-96.6733432076708,grafton,us,32.0,74.0,1.0,8.05,1610528901
41.71114813311485,-26.344314198635203,praia da vitoria,pt,52.0,93.0,40.0,1.66,1610528901
-27.846456913605323,-156.03451087234345,avera,pf,,,,,
53.38596204131176,77.0140916161061,kachiry,kz,-11.79,88.0,25.0,10.04,1610528902
-9.69367823937769,-61.15840120833326,aripuana,br,71.38,97.0,97.0,0.51,1610528902
50.89489466115094,45.15673619211586,kamenskiy,ru,17.06,97.0,100.0,16.93,1610528902
72.2355185428693,-73.86448336669308,clyde river,ca,-13.0,84.0,90.0,8.05,1610528705
7.480688199727183,148.2347425312076,lorengau,pg,83.32,77.0,57.0,10.85,1610528903
24.5887920003415,40.87800956164875,mecca,sa,81.82,20.0,0.0,2.21,1610528690
8.292744745731284,158.19079352621736,kavieng,pg,83.28,75.0,11.0,15.79,1610528903
4.756668102993828,90.16327682039667,banda aceh,id,82.71,74.0,66.0,10.78,1610528903
-24.02224249612601,87.25803469455661,bengkulu,id,82.45,77.0,82.0,6.98,1610528904
34.681989151323776,93.53714281779509,lasa,cn,,,,,
45.03103439363869,-165.81185561360007,bethel,us,30.99,86.0,90.0,2.46,1610528904
1.5329233098431274,170.46678990106568,buariki,ki,,,,,
16.81784090363179,-67.93341031577984,cabo rojo,us,,,,,
61.891277207613996,107.63022253017346,yerbogachen,ru,-23.51,84.0,100.0,8.77,1610528627
-21.417097668801446,111.82647724088457,carnarvon,au,84.2,65.0,0.0,21.85,1610528661
44.974495930705814,129.59949296892415,chaihe,cn,2.53,88.0,38.0,7.36,1610528905
2.0054660934830792,-14.921708075099616,robertsport,lr,80.26,80.0,55.0,5.59,1610528905
54.71296046975641,156.40037731065047,sobolevo,ru,21.49,96.0,100.0,12.53,1610528906
-6.2997333185689115,-168.24820825346674,samalaeulu,ws,,,,,
80.55880945111798,81.059997179775,dikson,ru,-20.43,88.0,32.0,9.46,1610528681
-12.848610840518418,-62.340953448104955,rolim de moura,br,,,,,
24.081616910145215,-101.06355228297812,cedral,mx,40.32,78.0,7.0,4.56,1610528906
54.53338272727282,107.87790150894199,khuzhir,ru,2.48,82.0,97.0,3.65,1610528907
35.42408930163212,0.8622021233730095,sidi ali,dz,48.22,72.0,0.0,5.32,1610528907
62.25326694498199,12.11366739014312,roros,no,17.6,73.0,75.0,6.91,1610528907
-12.821620500100337,86.17960344469753,hithadhoo,mv,82.27,76.0,13.0,21.21,1610528907
58.321776674217375,5.541729531523686,vigrestad,no,32.0,51.0,0.0,16.11,1610528908
22.769308552372877,-36.01946736535257,ponta do sol,cv,69.8,60.0,40.0,21.85,1610528908
-7.454913532482266,-39.2692638594751,barbalha,br,77.0,73.0,75.0,3.44,1610528908
45.87506665028414,-115.929959230739,lewiston,us,30.2,74.0,90.0,2.21,1610528908
44.44892920935453,-88.58381188401533,appleton,us,27.0,86.0,1.0,5.75,1610528908
-8.567131185638715,-75.30978418823595,campoverde,pe,71.2,98.0,68.0,0.76,1610528909
-8.984385539862998,149.72968440358454,alotau,pg,,,,,
-3.9469487907904295,145.05006005078724,angoram,pg,80.35,83.0,91.0,3.67,1610528909
-4.679293218805071,12.737121022987822,tshela,cd,77.09,84.0,100.0,3.36,1610528909
54.56940158055053,130.62203300830163,stoyba,ru,,,,,
-17.56934642560755,-53.08827523017776,alto araguaia,br,70.48,85.0,100.0,3.36,1610528910
49.29738168967535,-73.86767575254167,chapais,ca,24.8,93.0,90.0,9.22,1610528709
6.952910863742446,84.45060505813342,kalmunai,lk,81.25,80.0,54.0,11.68,1610528615
22.0492624139858,36.772785769156286,jiddah,sa,,,,,
38.00204257784688,-71.77237613145067,brigantine,us,32.0,80.0,1.0,8.95,1610528911
41.724073645613146,114.96901847616726,zhangjiakou,cn,23.34,77.0,0.0,1.92,1610528911
-17.84272817319824,-164.92407469200134,alofi,nu,77.0,94.0,100.0,4.61,1610528660
57.436052154035536,9.943743044285725,hjorring,dk,30.2,93.0,75.0,18.41,1610528911
-42.00503361270566,-100.58613053495912,ancud,cl,46.0,87.0,0.0,4.61,1610528911
39.038159453704054,57.25283747971798,baherden,tm,45.95,57.0,0.0,10.6,1610528633
70.383411772621,-43.62077928177655,ilulissat,gl,24.8,86.0,75.0,6.91,1610528912
3.9692245054519333,-6.424588023311713,san-pedro,ci,79.25,84.0,66.0,5.82,1610528647
-31.32183388139545,156.70215720244823,sawtell,au,75.2,73.0,11.0,8.05,1610528912
64.70807775580545,130.89346377051692,borogontsy,ru,-47.6,76.0,82.0,3.6,1610528913
10.53297916605321,-7.947414282038608,mandiana,gn,76.28,19.0,0.0,6.6,1610528913
-8.486370008723256,135.14539042055583,galiwinku,au,,,,,
13.816068297676338,-53.41503371024065,bathsheba,bb,77.0,78.0,40.0,13.8,1610528914
-33.94004145615669,150.4901948710248,mittagong,au,77.0,65.0,30.0,1.99,1610528817
3.1081677302033626,121.23073794737923,manuk mangkaw,ph,82.92,78.0,100.0,8.1,1610528914
74.9530535497016,18.7401172409146,longyearbyen,sj,21.2,86.0,75.0,11.5,1610528914
-13.234538069748723,132.34579546146256,jabiru,au,,,,,
78.63630863563685,12.96092693585237,barentsburg,sj,,,,,
61.97939074182838,144.28192129448973,artyk,ru,,,,,
-48.97794780876295,-28.543248350930952,cidreira,br,71.06,78.0,96.0,11.34,1610528915
-33.41220909947092,-59.90031761475683,san nicolas,ar,66.99,68.0,0.0,9.22,1610528916
19.276949155042885,111.13752534670431,wanning,cn,65.39,54.0,0.0,9.37,1610528916
-15.554445299790956,144.1224016238383,mareeba,au,82.4,74.0,40.0,11.5,1610528916
36.33777535613588,-95.21209562044706,claremore,us,32.0,80.0,1.0,3.44,1610528916
13.359435991354744,85.67837870538273,yanam,in,86.0,62.0,0.0,8.05,1610528916
-27.182232500258003,80.67054415106668,grand river south east,mu,,,,,
29.53845996386282,30.488980681629272,el faiyum,eg,,,,,
-0.4949831951043677,12.134791668339489,booue,ga,78.58,81.0,83.0,2.93,1610528917
3.422877133262176,18.20864124283034,mongoumba,cf,92.46,13.0,0.0,4.83,1610528918
12.728853278326142,-37.56662198368241,porto novo,cv,69.8,60.0,40.0,21.85,1610528918
57.030319582491956,-89.56685399422082,sioux lookout,ca,17.6,93.0,20.0,4.61,1610528709
16.987072289576005,56.073876445211766,salalah,om,82.4,20.0,0.0,18.41,1610528918
17.209428048476198,80.4099759819502,khammam,in,89.58,34.0,12.0,3.38,1610528919
-22.421730029785607,148.98379508877895,moranbah,au,79.14,72.0,16.0,15.46,1610528919
48.14547639534234,-142.0174512009595,sitka,us,35.6,87.0,75.0,8.05,1610528919
58.362811132409604,19.881114671284024,maarianhamina,fi,,,,,
30.37189863721177,29.15426616300701,alexandria,eg,68.0,56.0,75.0,14.97,1610528646
-4.161179966185202,-88.92715942073218,san cristobal,ec,74.43,86.0,26.0,12.21,1610528920
-1.4270757311594764,8.706821244718043,omboue,ga,73.56,94.0,100.0,10.13,1610528920
41.41641799621877,56.70770677311964,gazanjyk,tm,44.47,60.0,0.0,16.69,1610528633
-5.646898305700347,112.78578431702005,paciran,id,81.95,81.0,100.0,7.52,1610528920
-7.667115103902304,110.70441779149155,pedan,id,,,,,
46.49008688585931,-33.138003942947705,lagoa,pt,59.63,77.0,36.0,5.5,1610528921
-29.032555413297658,23.663572786534786,danielskuil,za,78.17,48.0,90.0,10.2,1610528921
45.88046227089589,-125.75160279062237,astoria,us,48.99,87.0,90.0,17.27,1610528825
-6.505598897946783,124.38636319105433,katobu,id,83.14,85.0,100.0,3.83,1610528921
31.292821443036175,-126.89909805710325,lompoc,us,54.0,93.0,1.0,5.84,1610528880
48.6269921361766,152.14993008792163,vostok,ru,9.82,96.0,97.0,3.42,1610528922
3.4348179981581097,42.854268501169514,wajid,so,89.31,24.0,24.0,21.56,1610528922
55.797967919234935,-109.09870599095399,grand centre,ca,,,,,
33.62548079825852,14.284510258058788,masallatah,ly,55.02,67.0,82.0,26.66,1610528922
-9.135584354405239,42.484076764792064,mitsamiouli,km,83.12,75.0,25.0,12.73,1610528923
25.984995256258728,-12.128763884637095,puerto del rosario,es,62.6,67.0,40.0,13.8,1610528923
64.67720509756799,48.34107099859443,usogorsk,ru,-9.58,86.0,84.0,2.91,1610528923
26.847755480246022,60.09931554983106,iranshahr,ir,66.2,6.0,0.0,5.97,1610528635
31.2657163017537,-16.784126452008593,canico,pt,57.2,58.0,75.0,5.75,1610528924
14.129924362056101,9.256172882907464,zinder,ne,75.2,19.0,0.0,11.5,1610528924
30.911361267135646,103.69783842203054,tianpeng,cn,55.0,1.0,14.0,3.71,1610528924
64.04910610570698,172.91983864943796,anadyr,ru,-11.2,77.0,75.0,13.42,1610528683
44.517745859746185,-12.144069300033522,muros,es,37.99,93.0,2.0,1.14,1610528924
-37.87150568636206,142.4310489358008,hamilton,au,63.09,60.0,57.0,15.46,1610528925
49.28387170395277,36.51602749156373,krasnopavlivka,ua,30.54,98.0,100.0,20.83,1610528925
55.38571364019771,-31.078740887510293,olafsvik,is,40.26,78.0,100.0,26.19,1610528925
48.11121151591797,-107.93301633384405,shaunavon,ca,32.0,80.0,91.0,14.97,1610528925
-22.12513214267986,179.42888109272673,isangel,vu,82.36,79.0,96.0,1.16,1610528660
31.421524277413894,-112.11206274019158,caborca,mx,44.92,45.0,0.0,5.06,1610528926
38.03661326456762,26.59878968124505,neon karlovasion,gr,59.0,77.0,40.0,5.75,1610528926
9.699229989254576,-21.48508526918647,praia,cv,69.8,68.0,40.0,20.71,1610528926
60.27372857372373,-138.9723258746929,haines junction,ca,14.0,92.0,100.0,5.75,1610528652
37.089324780467976,21.12350798290734,marathopolis,gr,,,,,
-3.954364566248998,125.17956505296382,kendari,id,84.88,78.0,100.0,1.99,1610528662
-12.387284071133237,-26.85475239277048,sao jose da coroa grande,br,76.96,82.0,95.0,7.23,1610528927
-17.2436569604735,111.85964409865323,karratha,au,99.09,27.0,66.0,20.13,1610528927
41.27740548500219,133.16787837660758,vrangel,ru,28.76,92.0,100.0,5.86,1610528927
25.90121597609931,-10.692387078416914,tiznit,ma,51.1,44.0,0.0,6.44,1610528928
45.77507110373375,65.77129544517047,tasbuget,kz,,,,,
44.807107544250556,-118.05216054159746,baker city,us,39.2,81.0,90.0,19.57,1610528928
41.68916482347157,-83.18301919737664,oregon,us,55.4,67.0,90.0,23.02,1610528928
50.79272702965295,125.77359626303576,nenjiang,cn,-7.19,90.0,99.0,5.64,1610528641
60.34888844819386,156.75124104254223,omsukchan,ru,-25.53,84.0,100.0,3.56,1610528929
-18.882563599804826,42.9811796508335,morondava,mg,88.77,59.0,6.0,9.1,1610528929
5.525538925705106,-59.48951626308104,bartica,gy,73.4,100.0,20.0,4.61,1610528929
-1.0590721386614916,11.58535746780288,mimongo,ga,73.08,90.0,85.0,3.98,1610528929
1.4259059901517475,65.28951176087025,thinadhoo,mv,82.35,74.0,12.0,20.67,1610528930
-42.92108067006232,132.17014799967183,port lincoln,au,63.91,65.0,0.0,14.56,1610528661
51.759331137451284,117.63674582584645,shelopugino,ru,-15.5,87.0,99.0,1.81,1610528930
13.03292023823687,-29.34114568589675,sao filipe,cv,70.43,75.0,26.0,12.39,1610528930
51.68093213805014,-8.122335986801886,midleton,ie,48.99,100.0,75.0,10.36,1610528930
5.022716113462792,122.34265567116023,tabialan,ph,,,,,
43.213957768632895,133.23685151072436,uglekamensk,ru,21.45,91.0,100.0,2.24,1610528931
40.124734840118464,38.35596537016835,sebinkarahisar,tr,51.01,51.0,100.0,12.41,1610528931
65.15398038007322,-65.05281465313722,pangnirtung,ca,-7.01,80.0,4.0,2.68,1610528931
46.57444758402059,55.87246340090485,beyneu,kz,34.72,80.0,80.0,18.43,1610528688
39.04722030464458,-116.88026696231822,fallon,us,44.6,36.0,1.0,9.22,1610528932
64.4214788168209,3.2901849058923744,raudeberg,no,30.99,75.0,0.0,14.52,1610528932
41.193157953466056,-125.6131733502845,eureka,us,61.0,88.0,100.0,7.0,1610528801
3.003980925876917,8.283071424407126,luba,gq,84.2,79.0,20.0,10.36,1610528932
50.4953202378137,131.64696504228027,tyrma,ru,0.41,92.0,100.0,1.97,1610528933
-22.52233016336531,-38.85628718506072,sao joao da barra,br,75.83,86.0,5.0,14.97,1610528933
48.658054559392355,-77.80769424957505,barraute,ca,28.99,93.0,90.0,8.05,1610528933
45.11237745153156,94.22275056938702,hami,cn,26.53,73.0,100.0,7.49,1610528933
20.378018077966757,-93.4256430708884,paraiso,mx,71.1,92.0,78.0,4.21,1610528933
49.48139641042761,-18.756390376699272,dingle,ie,50.0,93.0,90.0,13.8,1610528934
71.35498844223244,22.2430538195905,oksfjord,no,21.2,73.0,0.0,10.36,1610528934
-31.655064618459605,-89.40254970516347,lebu,cl,50.85,81.0,30.0,12.3,1610528934
-7.675167295620284,-73.39322754147442,mancio lima,br,71.62,97.0,97.0,1.54,1610528934
-10.058920737009402,11.852121251395147,luanda,ao,80.02,66.0,61.0,4.41,1610528666
59.06436493167217,166.34815662495367,tilichiki,ru,-21.6,84.0,67.0,7.87,1610528935
-5.895751693220319,109.03193511567264,karangampel,id,81.84,78.0,76.0,18.1,1610528935
22.83400838931024,-106.51590000203909,mazatlan,mx,63.0,93.0,75.0,4.61,1610528712
51.20233538254615,-81.9356939534224,moose factory,ca,30.2,86.0,90.0,9.22,1610528935
-7.7461738989209294,35.56401044731575,iringa,tz,73.4,73.0,75.0,5.75,1610528936
28.12127970908365,134.31005901879678,kushima,jp,53.6,47.0,75.0,10.36,1610528900
18.986220185568243,87.10712484421686,paradwip,in,,,,,
0.8461094572609795,-30.20372185746885,touros,br,75.2,94.0,40.0,8.95,1610528936
61.72197123471298,64.5166620704587,kommunisticheskiy,ru,-6.41,88.0,0.0,3.76,1610528936
79.69726357793087,-142.06151781718586,aklavik,ca,-7.6,84.0,100.0,3.44,1610528937
3.2148086710179484,-77.42442754002789,timbiqui,co,73.81,94.0,77.0,4.56,1610528937
62.629090639825705,50.681773602664606,zheleznodorozhnyy,ru,14.0,85.0,75.0,11.18,1610528937
36.13068656685684,6.163391509353573,constantine,dz,41.0,75.0,40.0,5.75,1610528937
7.246969271441969,-96.44399213531938,champerico,gt,64.0,95.0,0.0,1.01,1610528938
22.38060643248167,-70.55802359197087,cockburn town,tc,77.16,80.0,88.0,14.83,1610528938
88.08121010999483,-28.66695523099736,illoqqortoormiut,gl,,,,,
58.0914009759484,-117.82760827238103,high level,ca,21.2,100.0,75.0,6.91,1610528938
54.484113533993735,116.80545988716608,bukachacha,ru,-12.78,84.0,88.0,2.08,1610528938
-1.5218729969516431,87.62058446473407,hambantota,lk,77.13,89.0,100.0,8.37,1610528692
1.0335631411458621,-117.17957247381216,san patricio,mx,70.65,47.0,71.0,4.74,1610528939
38.87022590323102,63.48838876246029,turkmenabat,tm,44.6,57.0,0.0,4.61,1610528939
11.609697643357336,-96.58686907270095,pochutla,mx,72.0,75.0,0.0,1.99,1610528939
52.52778711074768,-44.201776459857655,nanortalik,gl,30.63,95.0,100.0,18.03,1610528940
35.23755856893109,-27.202512153738496,ponta delgada,pt,59.0,100.0,75.0,6.91,1610528940
50.012725834651576,-9.7326173303953,skibbereen,ie,48.2,100.0,75.0,10.36,1610528940
-16.833083584124466,-27.776947306099288,maceio,br,73.4,94.0,40.0,6.91,1610528940
-16.75404105671558,62.0714781311157,grand gaube,mu,82.99,74.0,47.0,10.0,1610528701
21.525613086343284,124.19572944900426,basco,ph,68.27,79.0,96.0,24.0,1610528941
52.714022035839776,0.22304625231208774,holbeach,gb,34.0,89.0,100.0,3.22,1610528941
-12.071068427850648,-88.67310952043513,pimentel,pe,68.9,84.0,77.0,9.37,1610528941
7.941849045364293,59.31968346387177,bandarbeyla,so,77.92,58.0,0.0,26.46,1610528941
-2.174131475063575,-79.64697287036266,yaguachi,ec,77.0,78.0,40.0,8.05,1610528942
69.90955819116945,-28.81862841530554,bolungarvik,is,,,,,
15.362722608885193,78.96195619958718,giddalur,in,83.84,50.0,100.0,10.31,1610528850
-39.781639717745236,153.2593927210536,batemans bay,au,80.01,84.0,85.0,14.0,1610528942
19.589611354883232,101.2303442432758,chiang klang,th,71.6,49.0,0.0,8.05,1610528943
-48.92296799691286,-70.21236900885725,rio gallegos,ar,46.4,66.0,0.0,5.75,1610528659
-28.25494023052682,-80.02341630956728,coquimbo,cl,59.0,88.0,90.0,3.44,1610528943
50.35397318686799,117.79211705015024,klichka,ru,-12.96,86.0,65.0,3.83,1610528943
39.01874654634767,-6.679476885333827,montijo,es,37.0,93.0,0.0,1.14,1610528943
35.87537226542656,109.29406551516979,yanan,cn,,,,,
33.929517230805374,-37.08424379794536,ribeira grande,pt,55.4,82.0,40.0,6.91,1610528944
34.6248218922136,53.63360015351304,semnan,ir,49.15,45.0,0.0,2.51,1610528944
-13.563159132358862,-79.13065126568627,lima,pe,68.0,88.0,0.0,5.75,1610528944
23.696392835869133,74.5875395223056,banswara,in,81.46,16.0,0.0,5.79,1610528945
37.31698848270591,32.72421581654643,cumra,tr,59.0,41.0,75.0,26.46,1610528945
20.445965010510406,114.2576173429652,zhuhai,cn,66.99,47.0,0.0,4.61,1610528693
2.5515078346589064,22.107486138653343,bumba,cd,91.96,29.0,46.0,1.59,1610528945
67.55989074381702,84.21232906255557,igarka,ru,13.55,96.0,100.0,8.79,1610528682
-6.68895863251322,-36.08820443488878,cuite,br,67.96,95.0,54.0,7.54,1610528946
62.014849781306225,43.36855221786857,shenkursk,ru,-13.61,88.0,0.0,3.78,1610528946
54.05980423975231,29.678350280120128,senno,by,,,,,
1.7303929591605538,-64.72560445693603,santa isabel do rio negro,br,71.65,98.0,35.0,2.04,1610528946
64.73717164245619,35.51899737831684,solovetskiy,ru,,,,,
30.887708563150184,40.139811597456855,sakakah,sa,62.6,27.0,0.0,10.36,1610528947
24.02532227203578,0.033573454894622046,adrar,dz,57.07,37.0,78.0,17.72,1610528947
26.11541524687985,84.57912672622615,maharajganj,in,69.8,39.0,0.0,4.14,1610528947
25.0428327695829,71.22299617794542,sanchor,in,82.96,13.0,9.0,9.4,1610528947
-5.640149220974635,-157.45687128579044,faanui,pf,81.63,77.0,100.0,19.46,1610528948
-12.953255495711375,-43.88090875811233,santa maria da vitoria,br,69.15,92.0,43.0,1.68,1610528948
17.868556018445418,70.55874376037787,alibag,in,91.4,46.0,40.0,8.05,1610528948
62.99457993287379,-142.9853877164463,fairbanks,us,7.0,85.0,75.0,2.3,1610528948
45.20178726694874,-109.49967587700273,cody,us,46.4,42.0,1.0,10.36,1610528738
14.284897253501953,-16.577045853652834,diofior,sn,66.2,55.0,0.0,11.5,1610528810
22.26067397958633,10.050767111063209,gat,ly,,,,,
30.322110166106768,49.80359880121949,hendijan,ir,,,,,
-21.855493214891595,13.166934962555871,henties bay,na,66.42,84.0,99.0,7.29,1610528949
-28.731727662215896,176.20276710105105,kaeo,nz,68.0,85.0,18.0,5.01,1610528950
53.15421013301571,5.4772906183465295,harlingen,nl,41.0,81.0,75.0,16.11,1610528950
-2.1778309476683404,-7.62357557323017,harper,lr,80.85,79.0,97.0,10.38,1610528950
-11.900992281893892,-38.3099708531297,inhambupe,br,72.25,94.0,32.0,4.54,1610528950
-24.411947333718516,9.617709729101648,walvis bay,na,71.6,73.0,100.0,8.05,1610528950
9.498167378980654,19.831235947982805,kyabe,td,89.15,12.0,0.0,6.2,1610528951
-26.10848679307704,27.89664516487707,krugersdorp,za,73.99,64.0,75.0,8.05,1610528951
3.0071447581701847,-0.8768215421757191,takoradi,gh,81.73,79.0,34.0,8.72,1610528833
12.811633053522016,77.9716968461043,hosur,in,82.4,47.0,40.0,4.61,1610528918
23.57265606111548,-21.44139840874152,nouadhibou,mr,59.0,63.0,0.0,25.32,1610528701
67.48245921822857,151.18328772534915,zyryanka,ru,-37.07,82.0,100.0,7.2,1610528952
37.52295660930909,10.067574295692282,manzil jamil,tn,,,,,
5.136028231961717,-11.794116120031475,monrovia,lr,73.4,94.0,75.0,5.75,1610528952
40.84087560202127,16.369620677539018,gravina in puglia,it,46.99,73.0,97.0,25.01,1610528952
-4.137661007592627,38.35275498595564,ndungu,tz,82.06,58.0,86.0,6.42,1610528953
-9.20180939278221,-169.2781401133583,lufilufi,ws,78.8,94.0,40.0,5.75,1610528953
69.47963480976324,-127.17094328611935,norman wells,ca,-5.8,84.0,90.0,3.44,1610528953
4.971379016081059,-77.76603883217335,bajo baudo,co,,,,,
-16.363650254965222,-178.24606273670182,halalo,wf,,,,,
-14.735495929443161,16.908591337646698,menongue,ao,67.57,84.0,99.0,7.18,1610528954
0.6317117727113697,-71.2146598503105,miraflores,co,67.86,96.0,95.0,3.56,1610528954
31.14738975899195,111.31797013824405,yichang,cn,60.26,30.0,5.0,4.16,1610528954
53.45320535638203,-123.71150567654942,vanderhoof,ca,24.96,96.0,100.0,2.89,1610528954
48.199894586509316,-1.7595494779758383,rennes,fr,48.99,87.0,75.0,8.05,1610528954
-18.241369213971836,-69.4221233453658,tacna,pe,68.0,68.0,90.0,8.05,1610528955
28.682088515165646,-78.32590899876988,high rock,bs,66.2,94.0,75.0,2.3,1610528955
10.424158963879051,1.4338833835618061,natitingou,bj,78.8,13.0,0.0,10.36,1610528702
60.20757252324535,88.61765067843157,teguldet,ru,-16.08,88.0,56.0,2.39,1610528685
35.9321728319251,-15.2260964350491,camacha,pt,57.2,58.0,75.0,8.05,1610528955
-4.678867802150165,7.797352828777889,gamba,ga,74.34,94.0,100.0,10.25,1610528956
7.1368398168031035,-83.42538151106291,burica,pa,,,,,
67.86619006866334,45.119215765171816,mezen,ru,-12.84,86.0,0.0,5.1,1610528956
8.561568686571619,91.3928657836367,port blair,in,80.74,72.0,51.0,15.46,1610528956
66.63451431696797,87.33170077075687,turukhansk,ru,7.25,95.0,100.0,12.5,1610528957
-20.519278015932812,129.16467225610734,kununurra,au,96.8,49.0,96.0,9.22,1610528957
56.25131475144093,14.015359190748342,kristianstad,se,32.0,100.0,90.0,3.44,1610528957
5.012423301232701,117.06311900391103,keningau,my,84.2,79.0,20.0,5.75,1610528788
30.38338906611655,31.494412566147304,hihya,eg,73.4,31.0,40.0,24.16,1610528957
70.16892146052749,3.387089317954434,bud,no,24.8,63.0,20.0,11.5,1610528958
45.30738976546803,138.89632217389976,svetlaya,ru,19.81,89.0,98.0,6.49,1610528958
47.273777180119936,23.504281331604602,lozna,ro,30.2,100.0,90.0,1.14,1610528958
34.89397404730195,55.271171758917376,shahrud,ir,45.81,49.0,0.0,6.22,1610528958
30.6630057485103,15.341908273819342,surt,ly,57.9,63.0,56.0,25.43,1610528959
-12.515079105904505,138.260236456327,nhulunbuy,au,82.4,78.0,40.0,2.3,1610528959
48.20201597847114,-80.98054161645179,timmins,ca,28.4,80.0,90.0,9.22,1610528959
-55.1850481773147,127.46152617635323,mount gambier,au,64.4,63.0,75.0,16.11,1610528959
18.921020490065914,44.478648376401,najran,sa,60.8,39.0,0.0,6.91,1610528959
-8.269369909352761,-36.55504924234555,lajedo,br,67.69,93.0,97.0,5.08,1610528960
67.15226672047791,58.89694740159368,inta,ru,-10.34,86.0,0.0,10.56,1610528960
58.14054731672476,17.96037136991322,visby,se,30.99,86.0,0.0,6.91,1610528960
65.48924619026135,70.87619751724986,yar-sale,ru,4.32,90.0,21.0,17.49,1610528960
49.11940839008119,-76.50068326517246,senneterre,ca,28.4,93.0,90.0,8.05,1610528961
-2.44066622932894,45.00561354959561,kismayo,so,84.0,59.0,2.0,20.51,1610528961
20.508120429246162,64.10985628463368,ormara,pk,72.03,21.0,3.0,4.25,1610528961
-27.924958131074824,25.78872111658248,hoopstad,za,79.34,50.0,67.0,6.85,1610528961
71.61312918018271,120.20568389972397,zhigansk,ru,-38.87,80.0,100.0,13.8,1610528682
36.248453034002324,-77.14206166633097,tarboro,us,33.8,90.0,90.0,3.31,1610528962
18.08801194941799,26.481989727754296,kutum,sd,74.05,21.0,0.0,10.33,1610528962
56.63145262709796,145.93585678548231,okhotsk,ru,-11.85,85.0,41.0,6.44,1610528962
61.640245792154445,126.44555850053911,berdigestyakh,ru,-36.63,81.0,100.0,3.65,1610528683
21.30225647901939,27.65854916352896,marawi,sd,83.17,34.0,13.0,9.84,1610528963
17.72364475883454,-89.65384642215153,san jose,gt,68.52,97.0,86.0,2.19,1610528963
12.184259421446868,40.16649892370782,korem,et,57.83,60.0,16.0,7.9,1610528963
62.07705328243304,41.321480789987675,puksoozero,ru,-14.91,89.0,3.0,5.01,1610528963
18.393057700687933,59.460607649589605,sur,om,74.39,42.0,0.0,11.5,1610528691
17.212517664290942,103.14027462957654,nong han,th,78.01,31.0,0.0,3.44,1610528964
6.242230292325971,-6.695834706346886,issia,ci,79.36,72.0,49.0,4.18,1610528964
15.906119920897822,-65.18308718972733,maunabo,us,,,,,
63.934251102744355,166.69164196248323,kamenskoye,ru,,,,,
-32.22245258559842,32.0071331901878,margate,za,80.64,72.0,18.0,7.92,1610528964
39.83460195358276,-58.78040769178024,louisbourg,ca,,,,,
-10.737524370377116,31.114591727134155,kasama,zm,72.14,78.0,100.0,7.14,1610528860
14.765395741823113,-58.81565501557232,crab hill,bb,,,,,
-8.155399040566763,-50.97771193488296,conceicao do araguaia,br,71.82,95.0,0.0,2.28,1610528966
15.816871133313555,49.78012797605672,bereda,so,,,,,
-23.102176189647153,52.4031869784358,saint-leu,re,87.8,66.0,75.0,10.36,1610528967
15.218507900993359,-105.084932400379,coahuayana,mx,69.71,54.0,100.0,4.38,1610528967
55.10936933161349,-130.52032213527687,prince rupert,ca,39.2,93.0,90.0,4.61,1610528967
36.776411709103726,55.17041121407499,azad shahr,ir,46.4,39.0,0.0,2.3,1610528967
32.696160768472126,-117.2443904928586,coronado,us,50.0,71.0,40.0,6.69,1610528968
35.48673517549612,-119.98010414644983,avenal,us,50.0,75.0,1.0,5.75,1610528819
46.9444421350361,-13.509192522589757,carballo,es,37.99,100.0,20.0,6.91,1610528968
50.58824799491225,133.0610706436006,chegdomyn,ru,-7.83,90.0,100.0,0.76,1610528686
-19.602157840782766,-45.34318192785494,bom despacho,br,67.62,98.0,100.0,4.65,1610528968
-32.29836228087116,92.3817802666382,geraldton,au,80.6,57.0,0.0,24.16,1610528672
56.785847221012716,157.65755915152158,esso,ru,-9.6,83.0,31.0,3.91,1610528969
20.434661940317696,130.28615975477987,itoman,jp,60.8,55.0,75.0,6.91,1610528969
46.80031542295481,-85.82011463414817,sault sainte marie,ca,33.8,80.0,90.0,5.75,1610528969
57.734369752128885,76.408129583012,kyshtovka,ru,-13.56,88.0,48.0,5.84,1610528969
33.9921466233597,131.78787457453905,tokuyama,jp,48.2,53.0,75.0,5.75,1610528970
41.29158568610748,103.11014962074518,jinchang,cn,35.44,53.0,0.0,2.89,1610528970
40.485014499441434,-124.0097098054962,fortuna,us,60.01,88.0,90.0,14.97,1610528802
-30.529485654893506,-65.58568187378481,villa carlos paz,ar,69.01,100.0,90.0,4.61,1610528970
61.828942691457996,-56.16605635704349,maniitsoq,gl,22.46,94.0,92.0,14.2,1610528673
-12.880354328806789,-48.8986924847307,alvorada,br,72.1,90.0,100.0,2.26,1610528971
65.64350605743618,23.992400407643544,tornio,fi,-4.0,71.0,0.0,9.22,1610528971
-35.101084349661114,-54.458362962847474,maldonado,uy,51.8,93.0,0.0,3.44,1610528971
32.95338594058154,18.452393616906562,benghazi,ly,60.76,57.0,35.0,23.55,1610528826
-28.018944818990306,18.76997071925331,karasburg,na,88.12,33.0,2.0,6.22,1610528972
57.9328874575219,165.2803263069128,ossora,ru,-6.47,78.0,45.0,2.91,1610528972
16.186162873638565,-3.3335580800112155,goundam,ml,73.45,19.0,0.0,15.12,1610528972
-12.720469929031381,37.89028278254233,montepuez,mz,77.72,80.0,89.0,8.21,1610528972
3.38476513201455,-49.29360350238065,amapa,br,72.18,97.0,100.0,2.89,1610528973
-23.344975120700227,-57.069331192332484,horqueta,py,73.71,91.0,31.0,2.73,1610528973
-6.915652026770488,42.39154065962444,sokoni,tz,84.2,70.0,75.0,18.41,1610528973
50.46543419206833,-119.2319315720663,armstrong,ca,37.99,93.0,100.0,1.14,1610528973
57.80194167941363,-56.1170386886409,saint anthony,ca,,,,,
70.09964558360619,144.38411763221296,belaya gora,ru,-40.72,81.0,87.0,2.21,1610528974
36.05209877402096,130.7200536598806,nagato,jp,50.0,66.0,75.0,4.61,1610528974
-24.57203700871706,19.83759480303783,aranos,na,84.09,46.0,64.0,13.58,1610528974
-40.39144150304543,169.46712342770206,westport,nz,59.77,87.0,0.0,6.46,1610528975
-21.012577775048385,4.788125808446381,namibe,ao,75.2,69.0,40.0,6.91,1610528975
60.659600798432194,-133.3796594605575,whitehorse,ca,28.4,74.0,75.0,14.97,1610528975
43.94446584651635,27.025260115937016,dulovo,bg,39.0,70.0,100.0,3.0,1610528975
16.29369857648109,-102.67828708145086,ixtapa,mx,62.28,56.0,54.0,2.1,1610528976
-31.03750005978148,-44.61945280296638,laguna,br,73.67,91.0,100.0,11.99,1610528976
47.49708925195736,-137.2570541594663,ketchikan,us,35.6,93.0,75.0,3.44,1610528976
-44.30004823030686,-65.53988861495979,trelew,ar,55.56,66.0,0.0,9.42,1610528976
20.702830494788785,92.12439511360981,teknaf,bd,78.24,47.0,17.0,12.88,1610528976
31.033997808106648,82.3733755002554,jumla,np,62.24,21.0,0.0,5.39,1610528977
32.10785500523758,-7.509859645351099,marrakesh,ma,39.2,87.0,0.0,2.3,1610528977
0.5725242977196672,113.06655121523949,kapit,my,82.9,89.0,98.0,2.73,1610528977
50.44042434444546,-110.86874422878806,medicine hat,ca,45.0,65.0,1.0,14.97,1610528977
8.361826326257514,124.96064978958998,maluko,ph,80.01,85.0,100.0,5.01,1610528978
56.9596315600688,1.2159394691591103,boddam,gb,35.6,80.0,96.0,10.36,1610528978
16.19123369389267,-76.29134828912825,morant bay,jm,75.2,78.0,20.0,8.05,1610528978
51.707420554367076,4.319723039012274,steenbergen,nl,39.0,93.0,90.0,10.36,1610528978
